strategy,wins,losses,draws,total_matches,win_rate,draw_rate,loss_rate,total_points,avg_points_per_match
Pattern,2560,2620,2860,8040,0.31840796019900497,0.35572139303482586,0.32587064676616917,10540,1.3109452736318408
Random,2700,2700,2580,7980,0.3383458646616541,0.3233082706766917,0.3383458646616541,10680,1.3383458646616542
Frequency,2700,2640,2640,7980,0.3383458646616541,0.3308270676691729,0.3308270676691729,10740,1.3458646616541354
