{
  "chi_square": {
    "statistic": 22.02172414542625,
    "p_value": 0.00019843466420083893,
    "degrees_of_freedom": 4,
    "significant": true
  },
  "effect_sizes": {
    "Pattern_vs_Random": 0.04246472005621195,
    "Pattern_vs_Frequency": 0.04246472005621195,
    "Random_vs_Frequency": 0.0
  },
  "confidence_intervals": {
    "Pattern": {
      "win_rate": 0.31840796019900497,
      "ci_lower": 0.3082248074072047,
      "ci_upper": 0.32859111299080523,
      "margin_of_error": 0.010183152791800244
    },
    "Random": {
      "win_rate": 0.3383458646616541,
      "ci_lower": 0.32796459248182325,
      "ci_upper": 0.348727136841485,
      "margin_of_error": 0.01038127217983088
    },
    "Frequency": {
      "win_rate": 0.3383458646616541,
      "ci_lower": 0.32796459248182325,
      "ci_upper": 0.348727136841485,
      "margin_of_error": 0.01038127217983088
    }
  },
  "head_to_head_win_rates": {
    "Pattern": {
      "Random": 0.5,
      "Frequency": 0.48314606741573035,
      "Pattern": 0.5
    },
    "Random": {
      "Pattern": 0.5,
      "Frequency": 0.5,
      "Random": 0.5
    },
    "Frequency": {
      "Random": 0.5,
      "Pattern": 0.5168539325842697,
      "Frequency": 0.5
    }
  }
}